Flow,Source IP,Source Port,Target IP,Target Port,Tx Bytes,Rx Bytes,Sent Packets,Received Packets,Lost Packets,Packet delivery ratio,Packet loss ratio,delaySum (s),jitterSum (s),timeLastRxPacket (s),TimeFirstRxPacket (s),timeLastRxPacket - timeFirstRxPacket (s),Delay (ms),Jitter (ms),Throughput (Mbps),
1,10.1.1.1,49153,10.1.1.2,4000,336640,331380,320,315,5,98,1,126.002031,0.730139,2.004286,0.176962,1.827324,400.006349,2.324841,1.450777,
2,10.1.1.1,49154,10.1.1.3,4000,336640,91524,320,87,233,27,72,33.077583,0.355830,1.987437,0.144571,1.842866,380.195402,4.127907,0.397312,
3,10.1.1.1,49155,10.1.1.4,4000,336640,18936,320,18,302,5,94,3.736121,0.330725,0.489030,0.084704,0.404326,207.555556,19.411765,0.374668,
4,10.1.1.1,49156,10.1.1.5,4000,336640,19988,320,19,301,5,94,3.735538,0.361382,0.492792,0.044435,0.448357,196.578947,20.055556,0.356644,
5,10.1.1.1,49157,10.1.1.6,4000,336640,19988,320,19,301,5,94,3.847861,0.350217,0.496927,0.060464,0.436463,202.473684,19.444444,0.366363,
6,10.1.1.1,49158,10.1.1.7,4000,336640,12624,320,12,308,3,96,3.287369,0.199323,0.473133,0.214277,0.258856,273.916667,18.090909,0.390148,
7,10.1.1.1,49159,10.1.1.8,4000,336640,18936,320,18,302,5,94,3.448267,0.371376,0.477028,0.022824,0.454204,191.555556,21.823529,0.333524,
8,10.1.1.1,49160,10.1.1.9,4000,336640,336640,320,320,0,100,0,1.237442,0.009207,3.598712,2.012919,1.585793,3.865625,0.028213,1.698279,
Average,,,,,336640,106252,320,101,219,31.562500,68.437500,22.296527,0.338525,,,0.907274,232.018473,13.163396,0.670964,