Flow,Source IP,Source Port,Target IP,Target Port,Tx Bytes,Rx Bytes,Sent Packets,Received Packets,Lost Packets,Packet delivery ratio,Packet loss ratio,delaySum (s),jitterSum (s),timeLastRxPacket (s),TimeFirstRxPacket (s),timeLastRxPacket - timeFirstRxPacket (s),Delay (ms),Jitter (ms),Throughput (Mbps),
1,10.1.1.1,49153,10.1.1.2,4000,336640,336640,320,320,0,100,0,1.200046,0.012207,15.953712,0.015919,15.937793,3.750000,0.037618,0.168977,
2,10.1.1.1,49154,10.1.1.3,4000,336640,336640,320,320,0,100,0,2.324308,0.082685,17.953712,2.013919,15.939793,7.262500,0.257053,0.168956,
Average,,,,,336640,336640,320,320,0,100.000000,0.000000,1.762177,0.047446,,,15.938793,5.506250,0.147335,0.168966,